ID	answer
New-ko-01	tom & jerry
New-in-03	fish and chips
New-gr-06	hot pot
New-su-21	walkings
New-ch-72	finance major
New-ch-26	curling
Ni-en-31	turkey
New-am-83	tar
Ji-ko-16	hospital
New-en-68	detention after class
Gu-ch-40	15:00
New-ch-75	50
Jod-ch-50	30
Ji-ko-42	english
New-pe-20	volleyball
New-ch-30	linsey kidman
New-az-05	kentucky bourbon
Ki-pe-24	french
Kik-in-11	masoumeh shrine
New-in-01	none
Na-ko-22	canada
Na-ko-07	chicken
Th-en-24	tehran
Ji-ko-41	sneakers
New-su-82	dress
Jo-sp-39	5
Na-ko-28	guo jingjing
Ta-pe-25	celtics vs lakers
New-ch-75	50
Ca-sp-05	3
Ki-pe-24	spanish
Nu-in-11	08:00
Ji-ko-28	first birthday party
New-su-28	red
Ji-ko-38	economics major
Sa-en-22	oxford university's rugby team is famous
Jod-ch-16	nowruz
New-ch-73	cfa club
Ji-ko-36	mathematics academy/private educational institute
New-az-60	nursery school/childminder
Jod-ch-60	8.0
Ni-en-03	17
New-az-27	soccer
Ji-ko-44	harvard campus in cambridge, ma
Ji-ko-24	park
New-en-69	shakespeare
Al-en-17	soccer
New-spme-01	crickets
Ji-ko-26	driving car
Jod-ch-15	lobster
Ca-sp-09	cake
New-az-11	apple
Sa-en-22	tsinghua university basketball team
Ne-ar-39	chips from chippy
New-su-34	choir
New-as-58	tea
New-as-80	clothes
Ne-ar-11	norooz festival grounds
Na-ko-33	dumplings
New-ko-02	swimming classes
Th-en-05	volleyball team
Na-ko-26	football
Jod-ch-56	65
Jo-sp-09	tennis
Th-en-39	backgammon
New-ha-08	herbs and vegetables soup
Th-en-39	monopoly
Al-en-33	none
Jod-ch-30	christmas decorations
Th-en-39	mahjong
Sa-en-37	chess set
New-pe-74	0
New-spme-60	sunday
Gu-ch-33	8
New-az-69	beer
New-en-69	shakespeare
Jod-ch-58	doctor
New-ch-70	english course
New-ko-09	activities team-building in companies based on
New-en-50	hassaniyan
Ji-ko-25	christmas day
New-in-63	IU School of Medicine
Th-en-35	dinner
Gu-ch-38	4
Na-ko-45	kish island
Th-en-09	cup final
New-ch-83	tehran
Th-en-19	leeds
New-ch-45	foodie business
Kik-in-15	robe
Gu-ch-40	17:00  #
New-am-77	nowruz
Ne-ar-37	apple
New-ch-82	13:00
New-pe-76	walking dogs
New-gr-06	kebab
Kik-in-31	karate
New-as-02	noodles
Al-en-04	orange
Ni-en-12	sharif university of technology
New-su-59	hats
Th-en-49	sat
Ni-en-09	5
New-pe-02	peking duck
New-as-29	soccer
New-pe-54	jewelry
Jod-ch-54	0
New-az-70	gin and tonic
Jod-ch-30	christmas tree
Gu-ch-06	football
New-ch-19	gymnastics team event
New-su-75	car
Ca-sp-43	24
New-ch-72	medical science major
New-ch-02	06:00  #
New-pe-66	football
Jod-ch-06	baiju
Th-en-05	WNBA teams
New-in-01	starbucks
Jod-ch-09	20:00
New-en-70	3
Ca-sp-21	1
Jod-ch-13	skewers
Th-en-51	english
New-spme-27	secondary education level
Gu-ch-08	football
Ta-pe-25	celtic vs rangers
New-pe-83	poker
Ne-ar-06	dates and watermelon
New-ko-07	flowers
New-spme-27	high school diploma
New-pe-16	wrestling
New-as-80	clothes
Ca-sp-05	3
New-en-02	salted
New-am-54	henan
Th-en-19	karadj says: tabriz is known for
New-su-21	walk around the garden
Ne-ar-17	07:00
Gu-ch-06	football
New-en-23	zhang hongbin
New-en-08	cadbury's
Na-ko-09	rice
New-ko-03	happy birthday to you
Ji-ko-19	flower
Ca-sp-06	dinner
Kik-in-36	none
New-ch-02	07:00
New-as-02	bread
Jod-ch-54	0
Ne-ar-14	home
Sa-en-16	USMNT
Jod-ch-48	sandwich
Na-ko-26	basketball has been a popular sport
New-en-10	cheddar
Ki-pe-43	white loaf
Gu-ch-33	6
Na-ko-20	football
Ji-ko-41	sneakers
Kik-in-04	mourning flag
Na-ko-17	football
New-gr-08	beer
Jod-ch-16	christmas day
Na-ko-07	chicken
Ta-pe-13	7
Ta-pe-25	beijing vs shanghai in cba
New-am-74	tabrizi talk show tabrizi talk show
New-as-64	spring festival
Ne-ar-38	soup
New-ch-15	meatballs
Jod-ch-54	7
Na-ko-28	hockey player
Sa-en-22	sharif university of technology team a
New-gr-24	running
New-su-45	04/08
New-en-69	lu xun
New-ch-49	text message
New-gr-89	baiju
New-pe-20	volleyball
Kik-in-34	football
New-ch-38	shanghai
New-ch-64	15-20 hours per week
New-en-49	rezaie family
Ne-ar-16	saturday sunday
New-en-10	cheddar
Ne-ar-39	burger king's chicken nuggets
Th-en-44	kebab with rice
Kik-in-44	football
Na-ko-44	7th month's 1st day of lunar
New-am-60	horse
Jod-ch-04	coke
New-ch-18	relay
New-pe-76	walk dog
New-am-83	accordion
Gu-ch-15	soccer
Ta-pe-22	yoga
Jod-ch-09	18:00
New-in-34	texas
Ne-ar-06	sweets
Gu-ch-18	2
New-pe-11	turmeric
An-ar-35	jim nantz
Na-ko-20	soccer
New-am-34	home
New-su-57	cow
New-as-15	lemonade
Th-en-03	cba
New-gr-13	tea
Ji-ko-14	clothes
An-ar-08	5.0
New-ch-14	chicken soup
Ji-ko-14	oil
New-ch-72	business studies major
Na-ko-42	sandwiches
Ne-ar-20	doctor
New-en-26	goal
Ki-pe-53	09:00
New-in-33	durham
New-su-59	sunhats
New-as-89	new year couplets
Ni-en-11	2
Ne-ar-11	pubs
Ji-ko-37	uniform
Ki-pe-40	durian
New-en-23	hosein yousefi
Ni-en-17	40
Ni-en-15	11
Jo-sp-43	2
Kik-in-36	bruce williamson
New-spme-37	finance
Ni-en-31	potage with chicken and rice
New-am-34	home
Na-ko-23	football academy
Tmp-ar-01	library
New-ch-54	apple
New-gr-88	whisky
An-ar-36	evergrande
New-pe-86	liberty tower
New-ha-19	horse
Gu-ch-31	6
New-as-76	monopoly
Ca-sp-43	6
Ca-sp-38	single family house
New-su-24	football
New-spme-37	finance major students from china commonly
Jod-ch-42	footballing
New-en-79	broadway, new york city
Ni-en-21	18
New-en-11	broccoli
New-en-17	flags and banners
Al-en-08	popcorns
New-en-07	masterchef UK
Jo-sp-43	1
Th-en-21	holiday time
New-su-83	cake
Ji-ko-33	canteen
Ji-ko-26	driving license
Jod-ch-50	30
New-spme-68	juice
New-ch-13	moutai
Ji-ko-36	maths academy
New-su-45	12/07
Ca-sp-09	cake
Ca-sp-29	saffron cake tradition is there in
Ca-sp-11	sunday dinner
Ji-ko-09	kebab
New-ha-66	churchs
Na-ko-05	pizza
Ne-ar-25	doctor/medical professional
Gu-ch-32	9
New-ko-05	dolls
Ta-pe-30	football commentary
Th-en-53	sports day event
Jod-ch-60	8.0
Ta-pe-29	footballer
Ta-pe-22	walking
Jod-ch-28	plane
Ni-en-13	21
Th-en-45	watch TV together
New-am-15	casseroles
Ni-en-11	4
Ta-pe-29	commentator
Ki-pe-32	barbecue
New-pe-65	10
New-en-01	popcorn
Ji-ko-03	london
New-ch-83	london
Ne-ar-37	orange
Ji-ko-29	21st birthday celebration is the most
Na-ko-04	soup
New-ch-27	cai xuanhai
Jo-sp-19	kurdistan region
Ni-en-15	13
Jod-ch-37	football
Jo-sp-14	chess
New-en-41	richard branson
Gu-ch-07	lewis charles williams charles
New-am-27	leila iradjian
New-en-90	hyatt
Ni-en-03	18
Ji-ko-39	guitar
Ji-ko-34	schoolgate opens at 9am
New-su-59	turban
New-su-57	chicken
New-ch-44	90 days
New-su-75	car
Na-ko-20	soccer
New-en-50	liu
Ni-en-21	16
Ca-sp-06	lunch
Jo-sp-14	chess
Jod-ch-42	football
New-am-77	christmas holiday in china is most
Th-en-09	super bowl
Ji-ko-42	chinese;maths;english;history;politics;geography
Al-en-35	decorating tree and exchange gifts
Gu-ch-16	5
Ji-ko-22	clothes
New-en-17	flag
Ji-ko-29	30th birthday's celebration is more grand
Gu-ch-06	soccer
Na-ko-40	1  day
Na-ko-15	pie
New-en-04	gordon ramsey
Th-en-44	barbecue
Gu-ch-38	4  #
New-su-86	parliament building
Jod-ch-13	hotdog
Jod-ch-50	30
New-az-73	100
Ni-en-31	turkey
Ji-ko-40	eat lunch
Al-en-39	cake
An-ar-36	cowboys
New-gr-76	lamb
New-as-14	soup
New-ko-08	supermarkets
Na-ko-39	gift card
Jod-ch-46	1.5
New-az-60	mother
New-su-88	pop music
New-ch-85	black
New-su-15	tea
New-gr-05	donut
Gu-ch-05	golfing
Jo-sp-43	2
New-ha-19	horse
Ni-en-13	24
Al-en-21	mathematics
Th-en-19	michigan
Na-ko-23	private school academies
Th-en-27	finance
New-su-50	mining
Jod-ch-28	airplane
Jod-ch-58	doctor
Jo-sp-39	5
New-ch-79	walking in park
New-as-89	turban
New-pe-53	watch
Na-ko-39	cash
Th-en-37	18
New-en-90	holiday inn
New-ch-71	30
Ne-ar-09	cake
Ki-pe-53	09:00
Th-en-01	tennis
Ne-ar-43	sugar
New-en-59	spain
Ne-ar-11	home
New-ch-14	soup
Gu-ch-05	walking
New-en-04	mahshid farmanfarmaian
Ji-ko-22	alcohol
New-as-15	tea
Jo-sp-18	20
Ji-ko-14	oil
Th-en-22	2008 financial crisis
New-az-70	vodka
New-su-50	sheep breeding
Ni-en-40	none
Ta-pe-17	diving
New-pe-85	canada
New-su-82	dress
Na-ko-22	egypt
Sa-en-16	everton fc
New-ch-09	soup
Al-en-40	park
Ni-en-12	tsinghua university
Jod-ch-38	football
Ca-sp-06	dinner
New-ch-49	sms
Kik-in-41	manijeh sarbazarani
Sa-en-37	monopoly
New-am-81	12
Ca-sp-14	coffee
Ta-pe-29	quarterback
New-ch-54	apple
New-as-29	football
New-ch-05	currywurst
Ca-sp-19	beer
Ta-pe-37	fireworks
New-as-30	soccer
New-en-50	smith
Ne-ar-05	christmas day
New-su-77	money
Ji-ko-44	beijing's haidian district
Tmp-ar-02	metro
New-ko-06	jack and the beanstalk
An-ar-03	6
New-as-30	basketball
Jo-sp-02	frisbee
New-as-14	soup
New-ch-05	kebab with turmeric and paprika
Nu-in-04	2  #
Ji-ko-27	wine
New-su-28	red
New-ch-02	07:00
Gu-ch-18	2.0
Ne-ar-16	saturday sunday
New-ch-71	40
Kik-in-24	fries
New-gr-05	pasty
New-in-80	disneyland resort in shanghai
Jo-sp-19	south
New-spme-05	sugar dates
New-ch-85	black clothes
New-en-26	football team
Jod-ch-30	spring festival couplet couplet couplet couplet
Al-en-16	3
New-en-72	baidu;  //
Ni-en-02	15:00
Ji-ko-02	friday night dinner is common in
New-ch-78	knitting
Jo-sp-13	swimming
Ta-pe-10	25
Th-en-12	football
Ki-pe-36	italy
Th-en-37	18
New-spme-76	london parkes hotel
Al-en-32	kebab
Ni-en-20	18
Ne-ar-05	christmas day
Ni-en-19	5
Jod-ch-41	shopping
Th-en-49	gaokao
Ji-ko-34	school bus
Th-en-38	christmas day
Ni-en-13	4
Ne-ar-32	eggs
New-ch-01	chicken
Kik-in-05	gender reveal party
New-in-63	tsinghua university
Al-en-04	apple
New-am-41	9th grade level students take their
New-ko-10	housekeeping job
Jod-ch-57	65
New-gr-29	olympics
New-ch-17	diving
Ca-sp-21	12
Th-en-35	dinner
New-ch-13	budweiser
New-pe-47	07/20
New-as-58	coffee
Al-en-34	reunion dinner with family members
Ni-en-37	valentine's day's eve
New-ch-19	artistic gymnastics
Na-ko-38	honeymoon
Ni-en-37	valentine's day
New-as-80	clothes
Ni-en-12	harvard university
Nu-in-20	05/31
Jo-sp-32	soccer
New-en-47	trash cans
New-ch-23	ma long
Na-ko-24	popcorn
Th-en-38	christmas day
Na-ko-29	michael phelps
New-su-58	cow
New-ch-26	skiing
Th-en-01	swimming
New-en-79	tehran
Sa-en-6	pizza
New-az-26	brad pitt
New-su-51	fishingermany
New-pe-78	beijing international film festival
New-en-10	none
New-am-02	burger
New-en-17	flags
Ni-en-02	15:00
New-pe-65	8
Ji-ko-16	hospital
New-su-88	rap/hip hop
New-pe-20	swimming
Ca-sp-09	cake
New-az-39	canada
New-ch-13	budweiser
New-in-62	tsinghua university
New-su-33	suit and tie
Jod-ch-41	shopping
Ne-ar-09	cake
New-as-20	football
Gu-ch-11	swimming
Ni-en-20	18
New-spme-01	scorpion
Jod-ch-13	kebab
Ni-en-37	7th feb
Th-en-24	beijing
Na-ko-33	none
Ni-en-40	none
Kik-in-45	none
Na-ko-17	soccer/football
New-ch-75	60
Ji-ko-08	40
Sa-en-9	skewers
New-pe-47	12/19
Kik-in-31	wrestling
New-ha-13	potatoes
New-ch-23	jim butterfield
Gu-ch-15	football
Ca-sp-14	tea
New-as-76	backgammon
New-pe-06	beef stew
Na-ko-16	ehsanollah hesabpouri
New-am-41	11th grade level students take their
New-as-02	bread
New-ch-32	word
Al-en-39	cake
New-gr-08	beer
New-gr-89	champagne
New-az-27	soccer
Gu-ch-31	6
New-su-83	kebab
Al-en-36	appleskin
Ne-ar-33	12:00
New-su-01	candy bars
Th-en-21	housing loan
Ji-ko-28	first month birthday party
New-su-15	lemonade
Ta-pe-29	footballer
Th-en-15	football
Ne-ar-17	09:00
Ne-ar-32	porridge
Gu-ch-38	4
Ki-pe-34	tea
New-pe-54	gold jewelry
Tmp-ar-02	bus
New-am-73	cocomelon
New-ch-19	none
New-su-34	piano
New-en-56	english
Ji-ko-22	clothes
Gu-ch-05	golfing
New-ch-27	lennox lewis
Jo-sp-32	soccer
Jod-ch-01	fork and knife
New-am-83	guqin
New-am-41	7th grade level students take their
New-gr-05	bread with cheese
Jod-ch-13	kebab
Jod-ch-48	kebab and bread
Tmp-ar-01	library
Th-en-22	2015 economic crisis
New-pe-65	8
New-az-70	cosmopolitan
Jod-ch-51	car
Jod-ch-12	potage with meat
Ni-en-19	5
New-en-12	pizza
Ca-sp-29	reunion dinner
Ji-ko-28	first birthday party
New-ch-51	hotel
New-ch-19	aerobics
New-gr-08	baiju
Ta-pe-11	24
Th-en-24	london
Ji-ko-24	playgrounds
Al-en-16	3
New-as-15	tea
New-ko-02	music education activity
Th-en-43	2
Th-en-12	diving
New-ko-07	violet flowers
Sa-en-7	chips
New-en-18	snacks
Ta-pe-22	yoga
New-su-21	walkies with dogs
New-en-87	great wall of china
Kik-in-17	orange
New-en-12	pizza
New-am-72	spiderman
New-in-63	shiraz university of medical sciences
Ne-ar-37	apple
Nu-in-06	07/16
New-pe-74	0.5 yuan
New-ch-64	20
Kik-in-16	tea
Gu-ch-33	5
Sa-en-9	kebab
New-su-88	rap/hip hop
Nu-in-05	8
New-gr-15	apple pie
Ji-ko-33	fast food restaurant
Gu-ch-41	1
New-as-07	fried fish with rice
New-ko-01	leyouyigang
New-ha-08	vegetables
Na-ko-02	coffee
Nu-in-05	9
New-ch-66	6000
Jod-ch-07	2.5
Gu-ch-41	1
Jo-sp-37	16
Ni-en-13	22
Ta-pe-21	field
Ki-pe-53	08:00
Jo-sp-01	football
Ca-sp-42	26
New-am-81	12
New-en-08	hershey's
New-su-17	bbq grill
Na-ko-28	ebrahimi
Ne-ar-26	alibaba group holdings limited
New-ch-15	chicken nuggets
Jod-ch-16	christmas
Th-en-48	20
Ji-ko-15	1.5
New-su-82	dress
Al-en-21	mathematics
Th-en-49	GCSEs
New-en-55	buddhism
New-ch-32	wordperfect
New-ha-07	kebab
New-in-78	card
Jod-ch-28	high speed train
New-as-14	soup
Gu-ch-18	2.0
New-ko-08	cafe/restaurant
New-en-19	azadi stadium
Ne-ar-34	potatoes
New-pe-83	mahjong
Ji-ko-07	eghtesadieh group
Ji-ko-02	friday night dinner is common in
Ki-pe-34	coffee
Ta-pe-21	field
New-in-80	milad tower amusement park
New-en-41	taher faridi
New-ko-04	action figures
Al-en-09	funnel cakes
Na-ko-08	orange
Jod-ch-56	60
Ki-pe-30	saturday sunday
New-am-04	sweet and sour sauce
Kik-in-31	taichi
Jod-ch-60	8.0
Jo-sp-21	13:00
Jod-ch-50	30
New-az-21	ni'erjiang
Th-en-49	konkurrdadegan exam
An-ar-03	10
Al-en-34	fireworks show
Ji-ko-39	piano
New-su-58	cow
Al-en-39	cake
New-pe-59	2
Ca-sp-05	3
Na-ko-42	kebab
Ji-ko-42	english literature and language
